"Model","MSE","MAE"
"INGARCH(1,1)",87995.6598623347,238.245555105901
"NBINGARCH(1,1)",141552.320108179,310.876344010312
"Log-linear",88285.5548565916,239.196827256612
