"Model","r_hat","omega","alpha","beta","omega_se","alpha_se","beta_se","AIC"
"INGARCH(1,1)",NA,58.2748260757392,0.97421745114559,0,3.47921948216304,0.0291070766970529,0.0307258433994455,15292.5323274214
"NBINGARCH(1,1)",17,4.71317040747709,0.0569754129562348,0,4.60877301744112,0.00534610224085926,0.128932748792384,5119.77614867353
"Log-linear",NA,0.238916046461602,0.914537937226011,0.0548830427845202,0.0100211451839618,0.0212205313866995,0.0217639778859882,15225.4986267585
