"Model","MSE","MAE"
"INGARCH(1,1)",121946.268953806,265.554493387771
"NBINGARCH(1,1)",122534.460102735,266.252382875222
"Log-linear",121611.295135943,267.182580732026
