"Model","MSE","MAE"
"INGARCH(1,1)",25165.0600027255,131.714967104405
"NBINGARCH(1,1)",23680.4027450385,124.281114622455
"Log-linear",25954.6187492395,133.90157320507
